{
  "$schema": "https://schema.management.azure.com/schemas/2015-01-01/deploymentTemplate.json#",
  "contentVersion": "1.0.0.0",
  "parameters": {
    "ApimServiceName": {
      "type": "string"
    }
  },
  "variables": {},
  "resources": [
    {
      "type": "Microsoft.ApiManagement/service/apis",
      "name": "[concat(parameters('ApimServiceName'), '/httpBinAPI-v2')]",
      "apiVersion": "2018-01-01",
      "scale": null,
      "properties": {
        "displayName": "HTTP Bin API",
        "apiRevision": "1",
        "description": "API Management facade for a very handy and free online HTTP tool",
        "serviceUrl": "https://httpbin.org",
        "path": "httpbin",
        "protocols": [
          "https"
        ],
        "apiVersion": "v2",
        "apiVersionSetId": "[concat(resourceId('Microsoft.ApiManagement/service', parameters('ApimServiceName')), '/api-version-sets/versionset-httpbin-api')]"
      }
    },
    {
      "type": "Microsoft.ApiManagement/service/apis/operations",
      "name": "[concat(parameters('ApimServiceName'), '/httpBinAPI-v2/get')]",
      "apiVersion": "2018-01-01",
      "scale": null,
      "properties": {
        "displayName": "Returns GET data.",
        "method": "GET",
        "urlTemplate": "/get",
        "templateParameters": [],
        "description": "Returns GET data.\n",
        "responses": [
          {
            "statusCode": 200,
            "description": "OK",
            "headers": []
          }
        ]
      },
      "dependsOn": [
        "[resourceId('Microsoft.ApiManagement/service/apis', parameters('ApimServiceName'), 'httpBinAPI-v2')]"
      ]
    },
    {
      "type": "Microsoft.ApiManagement/service/apis/operations",
      "name": "[concat(parameters('ApimServiceName'), '/httpBinAPI-v2/put')]",
      "apiVersion": "2018-01-01",
      "scale": null,
      "properties": {
        "displayName": "Returns PUT data.",
        "method": "PUT",
        "urlTemplate": "/put",
        "templateParameters": [],
        "description": "Returns PUT data.\n",
        "responses": [
          {
            "statusCode": 200,
            "description": "OK",
            "headers": []
          }
        ]
      },
      "dependsOn": [
        "[resourceId('Microsoft.ApiManagement/service/apis', parameters('ApimServiceName'), 'httpBinAPI-v2')]"
      ]
    },
    {
      "type": "Microsoft.ApiManagement/service/products/apis",
      "name": "[concat(parameters('ApimServiceName'), '/starter/httpBinAPI-v2')]",
      "apiVersion": "2018-01-01",
      "scale": null,
      "properties": {},
      "dependsOn": [
        "[resourceId('Microsoft.ApiManagement/service/apis', parameters('ApimServiceName'), 'httpBinAPI-v2')]"
      ]
    },
    {
      "type": "Microsoft.ApiManagement/service/apis/policies",
      "name": "[concat(parameters('ApimServiceName'), '/httpBinAPI-v2/policy')]",
      "apiVersion": "2018-01-01",
      "properties": {
        "policyContent": "[concat('<!--\r\n    IMPORTANT:\r\n    - Policy elements can appear only within the <inbound>, <outbound>, <backend> section elements.\r\n    - Only the <forward-request> policy element can appear within the <backend> section element.\r\n    - To apply a policy to the incoming request (before it is forwarded to the backend service), place a corresponding policy element within the <inbound> section element.\r\n    - To apply a policy to the outgoing response (before it is sent back to the caller), place a corresponding policy element within the <outbound> section element.\r\n    - To add a policy position the cursor at the desired insertion point and click on the round button associated with the policy.\r\n    - To remove a policy, delete the corresponding policy statement from the policy document.\r\n    - Position the <base> element within a section element to inherit all policies from the corresponding section element in the enclosing scope.\r\n    - Remove the <base> element to prevent inheriting policies from the corresponding section element in the enclosing scope.\r\n    - Policies are applied in the order of their appearance, from the top down.\r\n-->\r\n<policies>\r\n  <inbound>\r\n    <base />\r\n    <set-backend-service base-url=\"https://api.apis.guru/v2/\" />\r\n    <rewrite-uri template=\"/metrics.json\" />\r\n  </inbound>\r\n  <backend>\r\n    <base />\r\n  </backend>\r\n  <outbound>\r\n    <base />\r\n  </outbound>\r\n  <on-error>\r\n    <base />\r\n  </on-error>\r\n</policies>')]"
      },
      "dependsOn": [
        "[resourceId('Microsoft.ApiManagement/service/apis', parameters('ApimServiceName'), 'httpBinAPI-v2')]"
      ]
    }
  ]
}