{
    "$schema": "https://schema.management.azure.com/schemas/2015-01-01/deploymentTemplate.json#",
    "contentVersion": "1.0.0.0",
    "parameters": {
        "ApimServiceName": {
            "type": "string"
        },
        "UsernamePasswordSignup": {
            "type": "bool",
            "defaultValue": false,
            "allowedValues": [
                true,
                false
            ]
        }
    },
    "resources": [
        {
            "type": "Microsoft.ApiManagement/service/portalsettings",
            "name": "[concat(parameters('ApimServiceName'), '/signup')]",
            "apiVersion": "2018-01-01",
            "properties": {
                "enabled": "[parameters('UsernamePasswordSignup')]"
            }
        }
    ]
}
