{
    "$schema": "https://schema.management.azure.com/schemas/2015-01-01/deploymentTemplate.json#",
    "contentVersion": "1.0.0.0",
    "parameters": {
        "ApimServiceName": {
            "type": "string",
            "metadata": {
                "description": "The name of the API Management"
            }
        },
        "repoBaseUrl": {
            "type": "string",
            "metadata": {
                "description": "Base URL of the repository"
            }
        }
    },
    "variables": {},
    "resources": [
        {
            "type": "Microsoft.ApiManagement/service/products",
            "name": "[concat(parameters('ApimServiceName'), '/unlimited')]",
            "apiVersion": "2018-01-01",
            "scale": null,
            "properties": {
                "displayName": "Unlimited",
                "description": "Subscribers have completely unlimited access to the API. Administrator approval is required.",
                "terms": null,
                "subscriptionRequired": true,
                "approvalRequired": true,
                "subscriptionsLimit": 1,
                "state": "published"
            }
        },
        {
            "type": "Microsoft.ApiManagement/service/products/policies",
            "name": "[concat(parameters('ApimServiceName'), '/unlimited/policy')]",
            "apiVersion": "2018-01-01",
            "properties": {
                "policyContent": "[concat(parameters('repoBaseUrl'), '/products/product-unlimited.policy.xml')]",
                "contentFormat": "rawxml-link"
            },
            "dependsOn": [
                "[resourceId('Microsoft.ApiManagement/service/products', parameters('ApimServiceName'), 'unlimited')]"
            ]
        },
        {
            "type": "Microsoft.ApiManagement/service/products/groups",
            "name": "[concat(parameters('ApimServiceName'), '/unlimited/contosogroup' )]",
            "apiVersion": "2017-03-01",
            "scale": null,
            "properties": {},
            "dependsOn": [
                "[resourceId('Microsoft.ApiManagement/service/products', parameters('ApimServiceName'), 'unlimited')]"
            ]
        }
    ],
    "outputs": {}
}
